-- MySQL dump 10.13  Distrib 5.5.62, for Win64 (AMD64)
--
-- Host: localhost    Database: mirrorlens
-- ------------------------------------------------------
-- Server version	5.5.5-10.4.22-MariaDB

/*!40101 SET @OLD_CHARACTER_SET_CLIENT=@@CHARACTER_SET_CLIENT */;
/*!40101 SET @OLD_CHARACTER_SET_RESULTS=@@CHARACTER_SET_RESULTS */;
/*!40101 SET @OLD_COLLATION_CONNECTION=@@COLLATION_CONNECTION */;
/*!40101 SET NAMES utf8 */;
/*!40103 SET @OLD_TIME_ZONE=@@TIME_ZONE */;
/*!40103 SET TIME_ZONE='+00:00' */;
/*!40014 SET @OLD_UNIQUE_CHECKS=@@UNIQUE_CHECKS, UNIQUE_CHECKS=0 */;
/*!40014 SET @OLD_FOREIGN_KEY_CHECKS=@@FOREIGN_KEY_CHECKS, FOREIGN_KEY_CHECKS=0 */;
/*!40101 SET @OLD_SQL_MODE=@@SQL_MODE, SQL_MODE='NO_AUTO_VALUE_ON_ZERO' */;
/*!40111 SET @OLD_SQL_NOTES=@@SQL_NOTES, SQL_NOTES=0 */;

--
-- Table structure for table `productbordercolors`
--

DROP TABLE IF EXISTS `productbordercolors`;
/*!40101 SET @saved_cs_client     = @@character_set_client */;
/*!40101 SET character_set_client = utf8 */;
CREATE TABLE `productbordercolors` (
  `Id` int(11) NOT NULL AUTO_INCREMENT,
  `Red` binary(1) NOT NULL,
  `Blue` binary(1) NOT NULL,
  `Black` binary(1) NOT NULL,
  `White` binary(1) NOT NULL,
  `Purple` binary(1) NOT NULL,
  `Grey` binary(1) NOT NULL,
  `Green` binary(1) NOT NULL,
  `Orange` binary(1) NOT NULL,
  `Yellow` binary(1) NOT NULL,
  `Pink` binary(1) NOT NULL,
  `Brown` binary(1) NOT NULL,
  `Transparent` binary(1) NOT NULL,
  PRIMARY KEY (`Id`)
) ENGINE=InnoDB AUTO_INCREMENT=101 DEFAULT CHARSET=utf8mb4;
/*!40101 SET character_set_client = @saved_cs_client */;

--
-- Dumping data for table `productbordercolors`
--

LOCK TABLES `productbordercolors` WRITE;
/*!40000 ALTER TABLE `productbordercolors` DISABLE KEYS */;
INSERT INTO `productbordercolors` VALUES (1,'1','1','1','0','0','1','0','0','1','0','0','1'),(2,'0','1','1','1','1','0','0','0','1','1','0','1'),(3,'1','0','1','1','1','0','0','0','1','0','1','0'),(4,'1','1','0','0','1','0','0','1','0','0','0','1'),(5,'1','1','0','1','0','0','1','0','0','0','1','1'),(6,'0','0','0','0','0','1','1','1','1','0','1','1'),(7,'1','0','1','0','1','0','1','0','0','0','1','1'),(8,'1','0','0','0','1','0','0','1','1','1','0','0'),(9,'0','1','0','0','0','0','1','0','1','0','1','1'),(10,'0','0','0','1','0','1','1','1','0','0','1','1'),(11,'1','0','0','1','0','0','1','1','1','0','1','1'),(12,'0','1','0','0','1','1','1','0','1','0','0','1'),(13,'0','1','1','1','0','1','1','0','0','0','1','0'),(14,'1','1','1','1','0','0','0','1','1','1','1','0'),(15,'0','0','1','0','0','0','1','0','0','0','0','0'),(16,'0','0','0','0','1','1','1','1','1','1','1','1'),(17,'1','0','0','1','1','0','0','1','1','1','1','0'),(18,'1','1','0','0','1','0','1','0','0','1','0','0'),(19,'0','0','0','0','1','1','1','0','1','1','1','1'),(20,'1','1','0','1','0','0','1','0','1','1','0','0'),(21,'1','1','0','0','0','0','0','1','0','0','0','0'),(22,'1','0','0','1','1','0','1','1','1','1','1','0'),(23,'0','1','1','1','1','1','0','0','1','1','0','0'),(24,'0','0','1','1','0','0','1','1','1','1','0','1'),(25,'1','1','1','1','0','0','1','0','0','0','1','0'),(26,'1','0','1','0','0','0','1','1','0','1','1','0'),(27,'0','0','0','1','0','0','1','1','0','1','1','0'),(28,'0','1','1','0','1','0','1','1','0','1','0','0'),(29,'0','1','1','0','0','0','1','0','1','0','1','0'),(30,'0','0','0','1','1','0','1','0','0','0','1','1'),(31,'0','1','0','0','1','1','0','0','0','0','0','0'),(32,'1','1','0','1','1','1','0','1','1','0','1','0'),(33,'1','1','0','1','1','0','0','1','0','0','1','1'),(34,'1','1','0','1','0','0','1','1','1','1','1','1'),(35,'1','1','1','0','0','0','0','0','1','0','0','1'),(36,'1','1','0','1','1','1','0','0','1','1','0','1'),(37,'1','0','1','0','1','1','1','0','0','1','0','1'),(38,'1','1','1','0','0','0','0','0','0','1','1','1'),(39,'1','0','0','0','0','1','1','1','1','1','1','0'),(40,'1','0','0','1','0','0','1','0','1','0','0','1'),(41,'0','0','0','1','0','0','1','0','0','0','1','0'),(42,'1','1','1','1','0','0','1','0','1','0','0','0'),(43,'0','1','1','0','1','1','0','0','0','0','0','1'),(44,'1','1','1','1','0','1','0','1','0','1','0','1'),(45,'1','0','0','0','0','0','1','1','0','1','1','1'),(46,'0','1','0','0','0','0','0','1','1','1','0','1'),(47,'1','0','1','0','0','1','1','0','0','1','0','0'),(48,'0','1','0','1','0','0','0','0','1','1','0','1'),(49,'0','0','1','1','0','1','0','1','0','1','1','0'),(50,'0','1','1','1','0','1','1','1','1','0','0','1'),(51,'0','0','1','1','0','0','0','0','1','0','0','1'),(52,'1','1','1','1','1','0','0','0','1','0','1','1'),(53,'0','1','1','1','1','1','0','1','1','1','1','0'),(54,'0','1','0','0','0','1','1','1','0','0','1','1'),(55,'0','0','0','0','1','1','1','0','1','0','0','0'),(56,'0','1','0','0','1','1','0','0','1','1','0','0'),(57,'0','1','0','1','1','0','0','1','1','0','0','1'),(58,'1','0','0','0','0','1','0','0','1','0','1','0'),(59,'0','0','0','0','1','0','0','0','0','0','1','1'),(60,'0','1','0','0','1','0','0','0','1','1','1','0'),(61,'1','1','1','0','1','0','1','1','1','0','0','0'),(62,'0','1','1','1','0','1','1','1','1','0','1','1'),(63,'1','0','1','0','1','0','1','1','1','0','1','0'),(64,'0','0','1','0','1','0','0','0','0','1','1','0'),(65,'0','0','1','1','0','0','0','0','0','0','1','1'),(66,'0','0','1','0','1','0','1','0','1','0','0','1'),(67,'0','0','0','1','0','1','0','0','0','0','1','1'),(68,'1','1','0','1','1','1','1','0','0','1','0','0'),(69,'0','1','1','0','1','0','1','0','0','1','1','1'),(70,'1','0','1','1','1','0','1','1','0','0','1','0'),(71,'0','1','0','0','1','1','1','0','1','0','1','1'),(72,'0','1','1','1','0','1','0','0','0','0','1','1'),(73,'0','1','1','1','0','0','1','0','1','0','0','0'),(74,'1','0','1','0','0','0','1','1','1','0','1','1'),(75,'0','0','1','0','0','0','1','1','1','1','1','1'),(76,'0','1','0','1','1','1','1','0','1','1','1','1'),(77,'0','0','0','0','0','0','1','1','1','1','0','1'),(78,'0','1','0','0','1','1','1','0','0','1','1','0'),(79,'0','0','1','0','1','1','0','1','0','0','0','1'),(80,'1','0','0','1','1','0','0','0','0','1','0','0'),(81,'0','0','1','0','1','0','1','0','0','1','1','0'),(82,'1','1','0','1','1','0','1','0','0','1','0','1'),(83,'1','1','1','0','1','1','0','0','1','1','1','1'),(84,'1','0','0','1','1','0','1','0','1','1','1','0'),(85,'0','1','0','1','0','1','0','1','1','1','0','1'),(86,'0','0','1','0','1','0','1','1','1','1','0','0'),(87,'0','1','1','1','0','1','0','0','1','0','0','1'),(88,'0','0','0','0','1','0','1','1','0','1','0','1'),(89,'1','0','1','1','1','1','1','1','0','0','0','1'),(90,'0','0','1','1','0','0','0','0','0','1','0','0'),(91,'0','0','0','1','0','0','1','0','0','1','1','1'),(92,'0','1','1','0','0','1','1','1','0','0','1','1'),(93,'0','0','0','1','0','0','1','1','1','1','1','1'),(94,'0','0','1','1','0','1','1','0','0','1','0','0'),(95,'1','1','1','1','0','0','1','0','0','0','0','1'),(96,'0','0','0','1','0','0','1','0','0','0','0','0'),(97,'1','0','0','1','0','1','0','0','1','0','0','0'),(98,'0','1','0','0','1','1','1','0','1','0','1','0'),(99,'1','0','0','1','0','1','1','0','1','1','1','0'),(100,'1','0','1','1','1','0','0','1','0','1','0','1');
/*!40000 ALTER TABLE `productbordercolors` ENABLE KEYS */;
UNLOCK TABLES;

--
-- Table structure for table `productimages`
--

DROP TABLE IF EXISTS `productimages`;
/*!40101 SET @saved_cs_client     = @@character_set_client */;
/*!40101 SET character_set_client = utf8 */;
CREATE TABLE `productimages` (
  `Id` int(11) NOT NULL AUTO_INCREMENT,
  `Image_1` varchar(200) NOT NULL,
  `Image_2` varchar(200) DEFAULT NULL,
  `Image_3` varchar(200) DEFAULT NULL,
  PRIMARY KEY (`Id`)
) ENGINE=InnoDB AUTO_INCREMENT=101 DEFAULT CHARSET=utf8mb4;
/*!40101 SET character_set_client = @saved_cs_client */;

--
-- Dumping data for table `productimages`
--

LOCK TABLES `productimages` WRITE;
/*!40000 ALTER TABLE `productimages` DISABLE KEYS */;
INSERT INTO `productimages` VALUES (1,'http://dummyimage.com/183x100.png/ff4444/ffffff','http://dummyimage.com/123x100.png/ff4444/ffffff','http://dummyimage.com/115x100.png/ff4444/ffffff'),(2,'http://dummyimage.com/241x100.png/5fa2dd/ffffff','http://dummyimage.com/103x100.png/5fa2dd/ffffff','http://dummyimage.com/220x100.png/dddddd/000000'),(3,'http://dummyimage.com/172x100.png/5fa2dd/ffffff','http://dummyimage.com/191x100.png/cc0000/ffffff','http://dummyimage.com/248x100.png/cc0000/ffffff'),(4,'http://dummyimage.com/193x100.png/5fa2dd/ffffff','http://dummyimage.com/112x100.png/5fa2dd/ffffff','http://dummyimage.com/234x100.png/5fa2dd/ffffff'),(5,'http://dummyimage.com/199x100.png/dddddd/000000','http://dummyimage.com/132x100.png/ff4444/ffffff','http://dummyimage.com/243x100.png/5fa2dd/ffffff'),(6,'http://dummyimage.com/174x100.png/cc0000/ffffff','http://dummyimage.com/231x100.png/5fa2dd/ffffff','http://dummyimage.com/173x100.png/cc0000/ffffff'),(7,'http://dummyimage.com/161x100.png/5fa2dd/ffffff','http://dummyimage.com/211x100.png/cc0000/ffffff','http://dummyimage.com/173x100.png/ff4444/ffffff'),(8,'http://dummyimage.com/164x100.png/dddddd/000000','http://dummyimage.com/219x100.png/ff4444/ffffff','http://dummyimage.com/184x100.png/dddddd/000000'),(9,'http://dummyimage.com/217x100.png/cc0000/ffffff','http://dummyimage.com/146x100.png/ff4444/ffffff','http://dummyimage.com/101x100.png/cc0000/ffffff'),(10,'http://dummyimage.com/184x100.png/ff4444/ffffff','http://dummyimage.com/165x100.png/dddddd/000000','http://dummyimage.com/191x100.png/ff4444/ffffff'),(11,'http://dummyimage.com/185x100.png/5fa2dd/ffffff','http://dummyimage.com/249x100.png/5fa2dd/ffffff','http://dummyimage.com/208x100.png/5fa2dd/ffffff'),(12,'http://dummyimage.com/235x100.png/cc0000/ffffff','http://dummyimage.com/184x100.png/5fa2dd/ffffff','http://dummyimage.com/201x100.png/dddddd/000000'),(13,'http://dummyimage.com/193x100.png/dddddd/000000','http://dummyimage.com/121x100.png/ff4444/ffffff','http://dummyimage.com/175x100.png/5fa2dd/ffffff'),(14,'http://dummyimage.com/177x100.png/ff4444/ffffff','http://dummyimage.com/116x100.png/5fa2dd/ffffff','http://dummyimage.com/190x100.png/dddddd/000000'),(15,'http://dummyimage.com/188x100.png/dddddd/000000','http://dummyimage.com/149x100.png/5fa2dd/ffffff','http://dummyimage.com/239x100.png/ff4444/ffffff'),(16,'http://dummyimage.com/104x100.png/dddddd/000000','http://dummyimage.com/208x100.png/ff4444/ffffff','http://dummyimage.com/156x100.png/cc0000/ffffff'),(17,'http://dummyimage.com/197x100.png/ff4444/ffffff','http://dummyimage.com/106x100.png/5fa2dd/ffffff','http://dummyimage.com/243x100.png/ff4444/ffffff'),(18,'http://dummyimage.com/119x100.png/cc0000/ffffff','http://dummyimage.com/197x100.png/5fa2dd/ffffff','http://dummyimage.com/166x100.png/ff4444/ffffff'),(19,'http://dummyimage.com/124x100.png/dddddd/000000','http://dummyimage.com/136x100.png/5fa2dd/ffffff','http://dummyimage.com/108x100.png/dddddd/000000'),(20,'http://dummyimage.com/102x100.png/ff4444/ffffff','http://dummyimage.com/212x100.png/dddddd/000000','http://dummyimage.com/197x100.png/ff4444/ffffff'),(21,'http://dummyimage.com/122x100.png/cc0000/ffffff','http://dummyimage.com/118x100.png/ff4444/ffffff','http://dummyimage.com/102x100.png/ff4444/ffffff'),(22,'http://dummyimage.com/176x100.png/5fa2dd/ffffff','http://dummyimage.com/126x100.png/cc0000/ffffff','http://dummyimage.com/108x100.png/dddddd/000000'),(23,'http://dummyimage.com/105x100.png/ff4444/ffffff','http://dummyimage.com/115x100.png/cc0000/ffffff','http://dummyimage.com/164x100.png/cc0000/ffffff'),(24,'http://dummyimage.com/191x100.png/ff4444/ffffff','http://dummyimage.com/228x100.png/dddddd/000000','http://dummyimage.com/178x100.png/dddddd/000000'),(25,'http://dummyimage.com/221x100.png/cc0000/ffffff','http://dummyimage.com/192x100.png/dddddd/000000','http://dummyimage.com/139x100.png/5fa2dd/ffffff'),(26,'http://dummyimage.com/171x100.png/5fa2dd/ffffff','http://dummyimage.com/241x100.png/dddddd/000000','http://dummyimage.com/141x100.png/cc0000/ffffff'),(27,'http://dummyimage.com/236x100.png/cc0000/ffffff','http://dummyimage.com/181x100.png/5fa2dd/ffffff','http://dummyimage.com/238x100.png/ff4444/ffffff'),(28,'http://dummyimage.com/207x100.png/cc0000/ffffff','http://dummyimage.com/218x100.png/5fa2dd/ffffff','http://dummyimage.com/148x100.png/dddddd/000000'),(29,'http://dummyimage.com/131x100.png/dddddd/000000','http://dummyimage.com/120x100.png/ff4444/ffffff','http://dummyimage.com/174x100.png/dddddd/000000'),(30,'http://dummyimage.com/183x100.png/5fa2dd/ffffff','http://dummyimage.com/236x100.png/ff4444/ffffff','http://dummyimage.com/172x100.png/dddddd/000000'),(31,'http://dummyimage.com/141x100.png/cc0000/ffffff','http://dummyimage.com/231x100.png/ff4444/ffffff','http://dummyimage.com/168x100.png/ff4444/ffffff'),(32,'http://dummyimage.com/122x100.png/5fa2dd/ffffff','http://dummyimage.com/214x100.png/ff4444/ffffff','http://dummyimage.com/169x100.png/ff4444/ffffff'),(33,'http://dummyimage.com/116x100.png/dddddd/000000','http://dummyimage.com/238x100.png/cc0000/ffffff','http://dummyimage.com/138x100.png/5fa2dd/ffffff'),(34,'http://dummyimage.com/240x100.png/cc0000/ffffff','http://dummyimage.com/142x100.png/5fa2dd/ffffff','http://dummyimage.com/187x100.png/ff4444/ffffff'),(35,'http://dummyimage.com/228x100.png/ff4444/ffffff','http://dummyimage.com/134x100.png/dddddd/000000','http://dummyimage.com/136x100.png/dddddd/000000'),(36,'http://dummyimage.com/102x100.png/dddddd/000000','http://dummyimage.com/132x100.png/5fa2dd/ffffff','http://dummyimage.com/171x100.png/dddddd/000000'),(37,'http://dummyimage.com/204x100.png/cc0000/ffffff','http://dummyimage.com/113x100.png/5fa2dd/ffffff','http://dummyimage.com/240x100.png/dddddd/000000'),(38,'http://dummyimage.com/144x100.png/dddddd/000000','http://dummyimage.com/134x100.png/dddddd/000000','http://dummyimage.com/180x100.png/cc0000/ffffff'),(39,'http://dummyimage.com/165x100.png/dddddd/000000','http://dummyimage.com/231x100.png/5fa2dd/ffffff','http://dummyimage.com/185x100.png/ff4444/ffffff'),(40,'http://dummyimage.com/148x100.png/ff4444/ffffff','http://dummyimage.com/104x100.png/dddddd/000000','http://dummyimage.com/147x100.png/ff4444/ffffff'),(41,'http://dummyimage.com/190x100.png/ff4444/ffffff','http://dummyimage.com/205x100.png/dddddd/000000','http://dummyimage.com/134x100.png/dddddd/000000'),(42,'http://dummyimage.com/133x100.png/ff4444/ffffff','http://dummyimage.com/235x100.png/dddddd/000000','http://dummyimage.com/211x100.png/5fa2dd/ffffff'),(43,'http://dummyimage.com/195x100.png/ff4444/ffffff','http://dummyimage.com/108x100.png/dddddd/000000','http://dummyimage.com/117x100.png/cc0000/ffffff'),(44,'http://dummyimage.com/186x100.png/5fa2dd/ffffff','http://dummyimage.com/248x100.png/5fa2dd/ffffff','http://dummyimage.com/198x100.png/dddddd/000000'),(45,'http://dummyimage.com/151x100.png/ff4444/ffffff','http://dummyimage.com/240x100.png/cc0000/ffffff','http://dummyimage.com/195x100.png/ff4444/ffffff'),(46,'http://dummyimage.com/167x100.png/5fa2dd/ffffff','http://dummyimage.com/120x100.png/cc0000/ffffff','http://dummyimage.com/142x100.png/5fa2dd/ffffff'),(47,'http://dummyimage.com/233x100.png/ff4444/ffffff','http://dummyimage.com/171x100.png/5fa2dd/ffffff','http://dummyimage.com/229x100.png/ff4444/ffffff'),(48,'http://dummyimage.com/230x100.png/ff4444/ffffff','http://dummyimage.com/183x100.png/cc0000/ffffff','http://dummyimage.com/225x100.png/ff4444/ffffff'),(49,'http://dummyimage.com/212x100.png/5fa2dd/ffffff','http://dummyimage.com/114x100.png/5fa2dd/ffffff','http://dummyimage.com/217x100.png/5fa2dd/ffffff'),(50,'http://dummyimage.com/147x100.png/dddddd/000000','http://dummyimage.com/221x100.png/5fa2dd/ffffff','http://dummyimage.com/151x100.png/cc0000/ffffff'),(51,'http://dummyimage.com/152x100.png/dddddd/000000','http://dummyimage.com/208x100.png/ff4444/ffffff','http://dummyimage.com/215x100.png/dddddd/000000'),(52,'http://dummyimage.com/100x100.png/dddddd/000000','http://dummyimage.com/212x100.png/dddddd/000000','http://dummyimage.com/186x100.png/dddddd/000000'),(53,'http://dummyimage.com/249x100.png/ff4444/ffffff','http://dummyimage.com/171x100.png/ff4444/ffffff','http://dummyimage.com/133x100.png/cc0000/ffffff'),(54,'http://dummyimage.com/243x100.png/ff4444/ffffff','http://dummyimage.com/156x100.png/dddddd/000000','http://dummyimage.com/176x100.png/cc0000/ffffff'),(55,'http://dummyimage.com/179x100.png/ff4444/ffffff','http://dummyimage.com/226x100.png/5fa2dd/ffffff','http://dummyimage.com/119x100.png/ff4444/ffffff'),(56,'http://dummyimage.com/202x100.png/cc0000/ffffff','http://dummyimage.com/148x100.png/5fa2dd/ffffff','http://dummyimage.com/128x100.png/5fa2dd/ffffff'),(57,'http://dummyimage.com/235x100.png/ff4444/ffffff','http://dummyimage.com/114x100.png/5fa2dd/ffffff','http://dummyimage.com/111x100.png/5fa2dd/ffffff'),(58,'http://dummyimage.com/219x100.png/5fa2dd/ffffff','http://dummyimage.com/185x100.png/5fa2dd/ffffff','http://dummyimage.com/216x100.png/ff4444/ffffff'),(59,'http://dummyimage.com/136x100.png/dddddd/000000','http://dummyimage.com/165x100.png/cc0000/ffffff','http://dummyimage.com/199x100.png/5fa2dd/ffffff'),(60,'http://dummyimage.com/112x100.png/ff4444/ffffff','http://dummyimage.com/184x100.png/cc0000/ffffff','http://dummyimage.com/200x100.png/cc0000/ffffff'),(61,'http://dummyimage.com/195x100.png/cc0000/ffffff','http://dummyimage.com/179x100.png/cc0000/ffffff','http://dummyimage.com/154x100.png/5fa2dd/ffffff'),(62,'http://dummyimage.com/129x100.png/5fa2dd/ffffff','http://dummyimage.com/225x100.png/cc0000/ffffff','http://dummyimage.com/104x100.png/dddddd/000000'),(63,'http://dummyimage.com/210x100.png/cc0000/ffffff','http://dummyimage.com/214x100.png/dddddd/000000','http://dummyimage.com/179x100.png/dddddd/000000'),(64,'http://dummyimage.com/134x100.png/dddddd/000000','http://dummyimage.com/154x100.png/cc0000/ffffff','http://dummyimage.com/221x100.png/dddddd/000000'),(65,'http://dummyimage.com/193x100.png/5fa2dd/ffffff','http://dummyimage.com/179x100.png/ff4444/ffffff','http://dummyimage.com/175x100.png/5fa2dd/ffffff'),(66,'http://dummyimage.com/152x100.png/cc0000/ffffff','http://dummyimage.com/182x100.png/dddddd/000000','http://dummyimage.com/239x100.png/5fa2dd/ffffff'),(67,'http://dummyimage.com/187x100.png/cc0000/ffffff','http://dummyimage.com/235x100.png/ff4444/ffffff','http://dummyimage.com/189x100.png/cc0000/ffffff'),(68,'http://dummyimage.com/216x100.png/dddddd/000000','http://dummyimage.com/241x100.png/dddddd/000000','http://dummyimage.com/218x100.png/5fa2dd/ffffff'),(69,'http://dummyimage.com/153x100.png/ff4444/ffffff','http://dummyimage.com/117x100.png/5fa2dd/ffffff','http://dummyimage.com/109x100.png/dddddd/000000'),(70,'http://dummyimage.com/230x100.png/cc0000/ffffff','http://dummyimage.com/240x100.png/ff4444/ffffff','http://dummyimage.com/177x100.png/5fa2dd/ffffff'),(71,'http://dummyimage.com/143x100.png/dddddd/000000','http://dummyimage.com/120x100.png/5fa2dd/ffffff','http://dummyimage.com/144x100.png/cc0000/ffffff'),(72,'http://dummyimage.com/163x100.png/dddddd/000000','http://dummyimage.com/233x100.png/5fa2dd/ffffff','http://dummyimage.com/227x100.png/5fa2dd/ffffff'),(73,'http://dummyimage.com/145x100.png/cc0000/ffffff','http://dummyimage.com/120x100.png/ff4444/ffffff','http://dummyimage.com/176x100.png/dddddd/000000'),(74,'http://dummyimage.com/117x100.png/dddddd/000000','http://dummyimage.com/177x100.png/cc0000/ffffff','http://dummyimage.com/125x100.png/5fa2dd/ffffff'),(75,'http://dummyimage.com/171x100.png/cc0000/ffffff','http://dummyimage.com/175x100.png/dddddd/000000','http://dummyimage.com/190x100.png/dddddd/000000'),(76,'http://dummyimage.com/164x100.png/cc0000/ffffff','http://dummyimage.com/247x100.png/cc0000/ffffff','http://dummyimage.com/123x100.png/cc0000/ffffff'),(77,'http://dummyimage.com/113x100.png/dddddd/000000','http://dummyimage.com/167x100.png/cc0000/ffffff','http://dummyimage.com/144x100.png/dddddd/000000'),(78,'http://dummyimage.com/110x100.png/ff4444/ffffff','http://dummyimage.com/175x100.png/ff4444/ffffff','http://dummyimage.com/197x100.png/5fa2dd/ffffff'),(79,'http://dummyimage.com/149x100.png/dddddd/000000','http://dummyimage.com/156x100.png/5fa2dd/ffffff','http://dummyimage.com/148x100.png/ff4444/ffffff'),(80,'http://dummyimage.com/176x100.png/cc0000/ffffff','http://dummyimage.com/208x100.png/dddddd/000000','http://dummyimage.com/119x100.png/cc0000/ffffff'),(81,'http://dummyimage.com/235x100.png/cc0000/ffffff','http://dummyimage.com/166x100.png/dddddd/000000','http://dummyimage.com/214x100.png/ff4444/ffffff'),(82,'http://dummyimage.com/199x100.png/dddddd/000000','http://dummyimage.com/208x100.png/dddddd/000000','http://dummyimage.com/140x100.png/cc0000/ffffff'),(83,'http://dummyimage.com/174x100.png/ff4444/ffffff','http://dummyimage.com/216x100.png/cc0000/ffffff','http://dummyimage.com/220x100.png/dddddd/000000'),(84,'http://dummyimage.com/231x100.png/ff4444/ffffff','http://dummyimage.com/175x100.png/ff4444/ffffff','http://dummyimage.com/176x100.png/ff4444/ffffff'),(85,'http://dummyimage.com/134x100.png/ff4444/ffffff','http://dummyimage.com/214x100.png/dddddd/000000','http://dummyimage.com/173x100.png/dddddd/000000'),(86,'http://dummyimage.com/241x100.png/cc0000/ffffff','http://dummyimage.com/146x100.png/5fa2dd/ffffff','http://dummyimage.com/155x100.png/dddddd/000000'),(87,'http://dummyimage.com/201x100.png/5fa2dd/ffffff','http://dummyimage.com/111x100.png/5fa2dd/ffffff','http://dummyimage.com/165x100.png/5fa2dd/ffffff'),(88,'http://dummyimage.com/236x100.png/cc0000/ffffff','http://dummyimage.com/225x100.png/ff4444/ffffff','http://dummyimage.com/132x100.png/ff4444/ffffff'),(89,'http://dummyimage.com/245x100.png/5fa2dd/ffffff','http://dummyimage.com/240x100.png/ff4444/ffffff','http://dummyimage.com/245x100.png/5fa2dd/ffffff'),(90,'http://dummyimage.com/201x100.png/cc0000/ffffff','http://dummyimage.com/194x100.png/ff4444/ffffff','http://dummyimage.com/198x100.png/ff4444/ffffff'),(91,'http://dummyimage.com/163x100.png/ff4444/ffffff','http://dummyimage.com/227x100.png/5fa2dd/ffffff','http://dummyimage.com/127x100.png/cc0000/ffffff'),(92,'http://dummyimage.com/184x100.png/dddddd/000000','http://dummyimage.com/235x100.png/ff4444/ffffff','http://dummyimage.com/131x100.png/ff4444/ffffff'),(93,'http://dummyimage.com/161x100.png/dddddd/000000','http://dummyimage.com/244x100.png/5fa2dd/ffffff','http://dummyimage.com/243x100.png/ff4444/ffffff'),(94,'http://dummyimage.com/191x100.png/ff4444/ffffff','http://dummyimage.com/193x100.png/ff4444/ffffff','http://dummyimage.com/222x100.png/dddddd/000000'),(95,'http://dummyimage.com/111x100.png/ff4444/ffffff','http://dummyimage.com/225x100.png/cc0000/ffffff','http://dummyimage.com/203x100.png/cc0000/ffffff'),(96,'http://dummyimage.com/203x100.png/cc0000/ffffff','http://dummyimage.com/209x100.png/5fa2dd/ffffff','http://dummyimage.com/131x100.png/ff4444/ffffff'),(97,'http://dummyimage.com/221x100.png/dddddd/000000','http://dummyimage.com/147x100.png/dddddd/000000','http://dummyimage.com/124x100.png/5fa2dd/ffffff'),(98,'http://dummyimage.com/121x100.png/dddddd/000000','http://dummyimage.com/195x100.png/cc0000/ffffff','http://dummyimage.com/188x100.png/ff4444/ffffff'),(99,'http://dummyimage.com/110x100.png/5fa2dd/ffffff','http://dummyimage.com/192x100.png/5fa2dd/ffffff','http://dummyimage.com/114x100.png/5fa2dd/ffffff'),(100,'http://dummyimage.com/174x100.png/cc0000/ffffff','http://dummyimage.com/250x100.png/dddddd/000000','http://dummyimage.com/168x100.png/ff4444/ffffff');
/*!40000 ALTER TABLE `productimages` ENABLE KEYS */;
UNLOCK TABLES;

--
-- Table structure for table `products`
--

DROP TABLE IF EXISTS `products`;
/*!40101 SET @saved_cs_client     = @@character_set_client */;
/*!40101 SET character_set_client = utf8 */;
CREATE TABLE `products` (
  `Id` int(11) NOT NULL AUTO_INCREMENT,
  `Product_Name` varchar(100) NOT NULL,
  `Price` int(11) NOT NULL,
  `Description` varchar(200) DEFAULT NULL,
  `Type` varchar(100) NOT NULL,
  `BorderColor_Id` int(11) NOT NULL,
  `Brand` varchar(100) DEFAULT NULL,
  `Gender` tinytext NOT NULL,
  `Images_Id` int(11) NOT NULL,
  PRIMARY KEY (`Id`),
  KEY `products_FK` (`Images_Id`),
  KEY `products_FK_1` (`BorderColor_Id`),
  CONSTRAINT `products_FK` FOREIGN KEY (`Images_Id`) REFERENCES `productimages` (`Id`),
  CONSTRAINT `products_FK_1` FOREIGN KEY (`BorderColor_Id`) REFERENCES `productbordercolors` (`Id`)
) ENGINE=InnoDB AUTO_INCREMENT=101 DEFAULT CHARSET=utf8mb4;
/*!40101 SET character_set_client = @saved_cs_client */;

--
-- Dumping data for table `products`
--

LOCK TABLES `products` WRITE;
/*!40000 ALTER TABLE `products` DISABLE KEYS */;
INSERT INTO `products` VALUES (1,'Michael Kors VIVIANNA II',99,'magna vestibulum aliquet ultrices erat tortor sollicitudin mi sit amet lobortis sapien sapien non mi','Sunglasses',8,NULL,'M',1),(2,'Ray-Ban RB3594',245,'','Eyeglasses',40,NULL,'M',2),(3,'Michael Kors HVAR',56,'maecenas tincidunt','Sunglasses',21,NULL,'M',3),(4,'Ray-Ban/AVIATOR LARGE METAL',62,'rutrum nulla','Sunglasses',1,NULL,'F',4),(5,'RUSTY MANIC SBLK R.BLUE',73,'curabitur','Sunglasses',38,NULL,'M',5),(6,'OAKLEY HOLBROOK 01',189,'massa donec dapibus duis at velit eu','Eyeglasses',94,NULL,'M',6),(7,'NYOL 1611 01',68,'placerat praesent blandit nam','Eyeglasses',53,NULL,'F',7),(8,'RAY-BAN ROUND 901',244,'rutrum neque aenean auctor gravida sem','Sunglasses',64,NULL,'M',8),(9,'RUSTY MANIC SBLK R.BLUE',120,'faucibus orci luctus et ultrices posuere cubilia curae nulla dapibus dolor vel est','Eyeglasses',82,NULL,'F',9),(10,'OAKLEY HOLBROOK 01',107,'vestibulum ante ipsum primis in faucibus orci luctus','Sunglasses',77,NULL,'M',10),(11,'Ray-Ban/AVIATOR LARGE METAL',189,'in hac habitasse','Sunglasses',64,NULL,'F',11),(12,'RUSTY MANIC SBLK R.BLUE',273,'lacus morbi','Eyeglasses',86,NULL,'M',12),(13,'NYOL 1611 01',206,'id nulla ultrices aliquet maecenas leo odio','Sunglasses',87,NULL,'F',13),(14,'RAY-BAN ROUND 901',69,'consectetuer adipiscing elit proin interdum mauris non','Eyeglasses',60,NULL,'M',14),(15,'Michael Kors HVAR',184,'lectus suspendisse potenti in eleifend quam a odio in hac habitasse platea dictumst maecenas','Sunglasses',100,NULL,'F',15),(16,'Michael Kors HVAR',239,'nisi nam ultrices libero','Eyeglasses',32,NULL,'F',16),(17,'Ray-Ban RB3594',242,'semper porta volutpat quam pede lobortis ligula sit amet eleifend pede libero quis orci nullam molestie','Eyeglasses',35,NULL,'M',17),(18,'Michael Kors VIVIANNA II',162,'fermentum justo nec condimentum neque sapien placerat ante nulla justo aliquam quis turpis','Eyeglasses',33,NULL,'M',18),(19,'Burberry BE4294',78,'a libero nam dui proin leo odio porttitor id consequat in consequat ut','Eyeglasses',72,NULL,'M',19),(20,'OAKLEY HOLBROOK 01',176,'volutpat erat quisque erat eros viverra eget congue eget semper rutrum nulla nunc','Eyeglasses',46,NULL,'M',20),(21,'NYOL 1611 01',253,'vivamus vestibulum sagittis sapien cum sociis natoque penatibus et magnis dis parturient montes','Eyeglasses',29,NULL,'F',21),(22,'Armani Exchange AX1017',196,'metus vitae ipsum aliquam non mauris','Eyeglasses',85,NULL,'F',22),(23,'Vogue Eyewear LA FAYETTE',268,'ante vel ipsum praesent blandit','Sunglasses',17,NULL,'M',23),(24,'Ray-Ban DEAN',239,'odio condimentum id luctus nec molestie sed justo pellentesque viverra','Eyeglasses',73,NULL,'F',24),(25,'OAKLEY HOLBROOK 01',113,'dictumst maecenas ut massa quis augue luctus tincidunt nulla mollis molestie lorem quisque ut erat curabitur','Sunglasses',34,NULL,'M',25),(26,'Burberry BE4294',70,'quis odio consequat varius integer ac leo pellentesque','Sunglasses',68,NULL,'F',26),(27,'Ray-Ban DEAN',199,'dis parturient montes nascetur ridiculus mus vivamus vestibulum sagittis sapien cum sociis natoque penatibus et magnis dis parturient montes nascetur','Sunglasses',3,NULL,'F',27),(28,'Armani Exchange AX1017',274,'duis mattis egestas metus aenean fermentum donec ut mauris eget massa tempor','Sunglasses',50,NULL,'F',28),(29,'RUSTY MANIC SBLK R.BLUE',172,'vel pede morbi porttitor lorem id ligula suspendisse ornare consequat lectus in est risus auctor sed tristique','Sunglasses',56,NULL,'M',29),(30,'Michael Kors VIVIANNA II',101,'suspendisse potenti in','Eyeglasses',6,NULL,'M',30),(31,'NYOL 1611 01',264,'congue vivamus metus arcu adipiscing molestie hendrerit at vulputate vitae nisl','Sunglasses',65,NULL,'M',31),(32,'Michael Kors HVAR',225,'nibh in lectus pellentesque at nulla suspendisse potenti cras in purus eu magna vulputate luctus cum sociis','Sunglasses',45,NULL,'F',32),(33,'Burberry BE4294',225,'pede ullamcorper augue a','Sunglasses',32,NULL,'F',33),(34,'Michael Kors VIVIANNA II',286,'orci vehicula condimentum curabitur in libero ut massa volutpat convallis morbi odio odio elementum eu interdum eu','Sunglasses',45,NULL,'F',34),(35,'RUSTY MANIC SBLK R.BLUE',299,'nulla neque libero convallis eget eleifend luctus ultricies eu nibh quisque id justo sit amet','Eyeglasses',50,NULL,'F',35),(36,'Ray-Ban RB3594',234,'dapibus nulla suscipit ligula in lacus curabitur at ipsum ac tellus semper interdum mauris ullamcorper purus','Sunglasses',75,NULL,'M',36),(37,'RAY-BAN ROUND 901',247,'ultrices mattis odio donec vitae','Sunglasses',24,NULL,'M',37),(38,'RUSTY MANIC SBLK R.BLUE',237,'odio porttitor id','Eyeglasses',61,NULL,'M',38),(39,'Michael Kors VIVIANNA II',128,'congue vivamus metus arcu adipiscing molestie hendrerit at vulputate vitae','Eyeglasses',9,NULL,'M',39),(40,'Vogue Eyewear/VO5357S',73,'ante vivamus tortor duis mattis egestas metus aenean fermentum donec ut mauris eget massa tempor','Eyeglasses',98,NULL,'M',40),(41,'Vogue Eyewear LA FAYETTE',252,'rutrum nulla nunc purus phasellus in felis donec semper sapien a libero','Sunglasses',27,NULL,'M',41),(42,'RUSTY MANIC SBLK R.BLUE',248,'ipsum primis in faucibus orci luctus et ultrices posuere cubilia curae duis faucibus accumsan odio','Sunglasses',17,NULL,'M',42),(43,'OAKLEY HOLBROOK 01',238,'aliquam non mauris morbi non lectus aliquam sit amet diam in magna bibendum imperdiet nullam orci pede venenatis non','Sunglasses',90,NULL,'M',43),(44,'Vogue Eyewear LA FAYETTE',136,'pede justo lacinia eget tincidunt eget tempus vel pede morbi porttitor','Eyeglasses',19,NULL,'M',44),(45,'Vogue Eyewear/VO5357S',291,'ultrices posuere cubilia curae duis faucibus accumsan odio curabitur convallis duis consequat dui nec nisi volutpat eleifend donec','Eyeglasses',25,NULL,'M',45),(46,'Vogue Eyewear LA FAYETTE',161,'felis eu sapien cursus','Sunglasses',77,NULL,'F',46),(47,'NYOL 1611 01',56,'orci vehicula condimentum curabitur in libero ut massa volutpat convallis morbi odio','Eyeglasses',34,NULL,'M',47),(48,'NYOL 1611 01',107,'vulputate elementum nullam varius nulla facilisi cras non velit nec nisi vulputate nonummy maecenas tincidunt lacus at velit vivamus vel','Sunglasses',83,NULL,'F',48),(49,'Michael Kors HVAR',162,'erat','Eyeglasses',45,NULL,'M',49),(50,'RUSTY MANIC SBLK R.BLUE',291,'ligula in lacus curabitur at ipsum ac tellus semper interdum mauris','Eyeglasses',3,NULL,'F',50),(51,'Vogue Eyewear LA FAYETTE',141,'tempus sit amet sem fusce consequat nulla nisl nunc nisl duis bibendum felis sed','Sunglasses',88,NULL,'F',51),(52,'RAY-BAN ROUND 901',154,'arcu libero rutrum ac lobortis vel dapibus at diam nam tristique tortor eu','Sunglasses',5,NULL,'M',52),(53,'OAKLEY HOLBROOK 01',86,'non mi integer ac neque duis bibendum morbi non quam nec dui luctus rutrum nulla tellus in sagittis dui','Eyeglasses',65,NULL,'M',53),(54,'RUSTY MANIC SBLK R.BLUE',116,'porttitor id consequat in consequat ut nulla sed accumsan felis ut at dolor quis odio','Sunglasses',87,NULL,'F',54),(55,'Michael Kors HVAR',137,'posuere cubilia curae donec pharetra magna vestibulum aliquet ultrices erat tortor sollicitudin mi sit amet lobortis sapien','Eyeglasses',7,NULL,'F',55),(56,'NYOL 1611 01',97,'condimentum neque sapien placerat ante nulla justo aliquam quis turpis eget elit sodales scelerisque mauris sit amet eros','Sunglasses',69,NULL,'M',56),(57,'RUSTY MANIC SBLK R.BLUE',94,'in congue etiam justo etiam pretium iaculis justo in hac habitasse platea','Eyeglasses',17,NULL,'M',57),(58,'Vogue Eyewear/VO5357S',184,'vitae ipsum aliquam non mauris morbi non lectus aliquam sit amet diam','Eyeglasses',20,NULL,'M',58),(59,'Michael Kors VIVIANNA II',271,'orci mauris lacinia sapien quis libero nullam','Eyeglasses',3,NULL,'M',59),(60,'OAKLEY HOLBROOK 01',96,'fermentum','Eyeglasses',23,NULL,'F',60),(61,'Ray-Ban/AVIATOR LARGE METAL',240,'nulla quisque arcu libero rutrum ac','Eyeglasses',42,NULL,'F',61),(62,'Vogue Eyewear/VO5357S',121,'nulla dapibus dolor vel est donec odio','Eyeglasses',26,NULL,'F',62),(63,'Vogue Eyewear/VO5357S',112,'ipsum ac tellus semper interdum mauris ullamcorper purus sit amet nulla','Eyeglasses',28,NULL,'M',63),(64,'Michael Kors HVAR',223,'tempor turpis nec euismod scelerisque quam turpis adipiscing lorem vitae mattis nibh ligula nec sem duis aliquam convallis nunc','Eyeglasses',97,NULL,'F',64),(65,'Michael Kors HVAR',153,'porta volutpat','Sunglasses',15,NULL,'M',65),(66,'RAY-BAN ROUND 901',232,'penatibus et magnis dis parturient','Sunglasses',88,NULL,'F',66),(67,'Ray-Ban/AVIATOR LARGE METAL',72,'amet nulla','Eyeglasses',92,NULL,'F',67),(68,'OAKLEY HOLBROOK 01',189,'curabitur in libero ut massa volutpat convallis morbi odio odio elementum eu interdum','Eyeglasses',97,NULL,'F',68),(69,'Ray-Ban RB3594',129,'praesent blandit','Eyeglasses',12,NULL,'M',70),(70,'Ray-Ban RB3594',184,'eget rutrum at lorem integer tincidunt ante vel ipsum praesent blandit lacinia erat vestibulum','Sunglasses',98,NULL,'F',71),(71,'Vogue Eyewear LA FAYETTE',156,'porttitor lorem id ligula suspendisse ornare consequat lectus in est risus auctor sed','Eyeglasses',5,NULL,'M',72),(72,'Ray-Ban RB3594',262,'felis','Sunglasses',36,NULL,'F',73),(73,'Burberry BE4294',94,'','Eyeglasses',20,NULL,'M',74),(74,'Michael Kors HVAR',105,'at nunc','Eyeglasses',73,NULL,'F',75),(75,'RUSTY MANIC SBLK R.BLUE',112,'morbi non lectus aliquam sit amet diam in','Sunglasses',41,NULL,'M',76),(76,'Vogue Eyewear LA FAYETTE',269,'id justo sit amet sapien','Sunglasses',60,NULL,'F',77),(77,'Ray-Ban RB3594',291,'diam cras pellentesque volutpat dui maecenas tristique est et','Eyeglasses',44,NULL,'F',78),(78,'NYOL 1611 01',208,'est congue elementum in hac habitasse','Eyeglasses',10,NULL,'F',79),(79,'NYOL 1611 01',131,'felis sed lacus morbi sem mauris laoreet ut rhoncus aliquet','Sunglasses',67,NULL,'F',80),(80,'Vogue Eyewear LA FAYETTE',67,'primis in faucibus orci luctus et ultrices','Eyeglasses',45,NULL,'F',81),(81,'Burberry BE4294',287,'lacus at velit vivamus','Eyeglasses',58,NULL,'M',82),(82,'RAY-BAN ROUND 901',238,'proin risus praesent lectus vestibulum quam sapien varius ut blandit','Sunglasses',68,NULL,'F',83),(83,'Vogue Eyewear/VO5357S',250,'curabitur at ipsum ac','Sunglasses',3,NULL,'M',84),(84,'Ray-Ban DEAN',172,'id justo sit amet sapien dignissim vestibulum vestibulum ante ipsum primis','Eyeglasses',57,NULL,'F',85),(85,'Vogue Eyewear LA FAYETTE',96,'vitae consectetuer eget rutrum at lorem integer tincidunt','Eyeglasses',26,NULL,'M',86),(86,'Ray-Ban RB3594',73,'nisl nunc nisl duis bibendum felis sed interdum venenatis turpis enim blandit mi in porttitor','Eyeglasses',37,NULL,'M',87),(87,'Armani Exchange AX1017',149,'lobortis sapien sapien non mi integer','Eyeglasses',34,NULL,'F',88),(88,'Michael Kors VIVIANNA II',250,'dapibus nulla suscipit ligula in lacus curabitur at ipsum','Eyeglasses',21,NULL,'M',89),(89,'OAKLEY HOLBROOK 01',148,'vel accumsan tellus nisi eu orci','Eyeglasses',21,NULL,'F',90),(90,'Michael Kors VIVIANNA II',52,'quis odio consequat varius integer ac leo pellentesque ultrices mattis odio donec vitae nisi nam ultrices libero non','Eyeglasses',53,NULL,'F',91),(91,'Michael Kors VIVIANNA II',186,'nulla suspendisse potenti cras in purus eu magna vulputate luctus cum sociis natoque penatibus et magnis dis parturient','Eyeglasses',2,NULL,'M',92),(92,'Michael Kors HVAR',114,'aliquet massa id lobortis convallis tortor risus dapibus augue vel accumsan tellus nisi eu orci','Eyeglasses',3,NULL,'F',93),(93,'Armani Exchange AX1017',220,'erat nulla tempus vivamus in felis','Sunglasses',50,NULL,'M',94),(94,'OAKLEY HOLBROOK 01',148,'turpis donec','Sunglasses',3,NULL,'F',95),(95,'RUSTY MANIC SBLK R.BLUE',225,'vitae nisi','Sunglasses',71,NULL,'F',96),(96,'Ray-Ban RB3594',59,'feugiat non pretium quis lectus suspendisse potenti in','Sunglasses',57,NULL,'M',97),(97,'RAY-BAN ROUND 901',265,'cubilia curae duis faucibus','Sunglasses',82,NULL,'M',98),(98,'RUSTY MANIC SBLK R.BLUE',241,'erat id mauris vulputate elementum nullam varius nulla facilisi cras non velit nec nisi vulputate','Eyeglasses',37,NULL,'M',99),(99,'Burberry BE4294',258,'vulputate','Sunglasses',5,NULL,'F',100),(100,'Vogue Eyewear/VO5357S',294,'morbi a ipsum integer a nibh in quis justo','Eyeglasses',54,NULL,'M',69);
/*!40000 ALTER TABLE `products` ENABLE KEYS */;
UNLOCK TABLES;

--
-- Table structure for table `transactions`
--

DROP TABLE IF EXISTS `transactions`;
/*!40101 SET @saved_cs_client     = @@character_set_client */;
/*!40101 SET character_set_client = utf8 */;
CREATE TABLE `transactions` (
  `Id` int(11) NOT NULL AUTO_INCREMENT,
  `User_id` int(11) NOT NULL,
  `Product_Id` int(11) NOT NULL,
  `Amount` int(11) NOT NULL,
  `Total_Price` int(11) DEFAULT NULL,
  PRIMARY KEY (`Id`),
  KEY `transactions_FK` (`User_id`),
  KEY `transactions_FK_1` (`Product_Id`),
  CONSTRAINT `transactions_FK` FOREIGN KEY (`User_id`) REFERENCES `users` (`Id`),
  CONSTRAINT `transactions_FK_1` FOREIGN KEY (`Product_Id`) REFERENCES `products` (`Id`)
) ENGINE=InnoDB AUTO_INCREMENT=101 DEFAULT CHARSET=utf8mb4;
/*!40101 SET character_set_client = @saved_cs_client */;

--
-- Dumping data for table `transactions`
--

LOCK TABLES `transactions` WRITE;
/*!40000 ALTER TABLE `transactions` DISABLE KEYS */;
INSERT INTO `transactions` VALUES (1,44,10,8,NULL),(2,74,76,10,NULL),(3,60,74,7,NULL),(4,90,73,3,NULL),(5,90,100,8,NULL),(6,67,23,8,NULL),(7,35,60,6,NULL),(8,28,35,10,NULL),(9,64,82,3,NULL),(10,55,7,3,NULL),(11,27,8,6,NULL),(12,83,13,10,NULL),(13,11,45,5,NULL),(14,54,77,4,NULL),(15,35,13,5,NULL),(16,10,59,9,NULL),(17,16,89,7,NULL),(18,17,69,2,NULL),(19,22,81,7,NULL),(20,64,64,4,NULL),(21,24,25,8,NULL),(22,65,49,5,NULL),(23,20,36,9,NULL),(24,14,74,7,NULL),(25,60,2,5,NULL),(26,5,27,6,NULL),(27,11,32,8,NULL),(28,86,58,8,NULL),(29,30,24,8,NULL),(30,100,77,6,NULL),(31,91,49,4,NULL),(32,14,90,6,NULL),(33,55,32,3,NULL),(34,90,89,1,NULL),(35,28,89,2,NULL),(36,1,22,8,NULL),(37,25,61,5,NULL),(38,4,67,3,NULL),(39,72,7,6,NULL),(40,89,77,6,NULL),(41,51,100,7,NULL),(42,23,69,5,NULL),(43,12,1,2,NULL),(44,72,98,8,NULL),(45,8,14,6,NULL),(46,81,47,8,NULL),(47,51,15,2,NULL),(48,47,97,3,NULL),(49,90,28,6,NULL),(50,54,35,7,NULL),(51,52,62,6,NULL),(52,5,42,7,NULL),(53,85,6,10,NULL),(54,23,76,6,NULL),(55,49,39,5,NULL),(56,61,50,2,NULL),(57,62,67,3,NULL),(58,44,48,7,NULL),(59,25,83,7,NULL),(60,19,18,7,NULL),(61,26,23,6,NULL),(62,92,47,9,NULL),(63,48,91,3,NULL),(64,18,83,3,NULL),(65,2,31,3,NULL),(66,41,72,5,NULL),(67,54,91,10,NULL),(68,68,19,6,NULL),(69,43,73,6,NULL),(70,79,62,5,NULL),(71,15,12,3,NULL),(72,7,7,6,NULL),(73,7,77,1,NULL),(74,86,32,9,NULL),(75,71,70,4,NULL),(76,99,83,4,NULL),(77,53,100,4,NULL),(78,54,98,6,NULL),(79,36,78,5,NULL),(80,55,92,6,NULL),(81,3,17,7,NULL),(82,61,37,4,NULL),(83,94,7,5,NULL),(84,83,65,7,NULL),(85,70,6,1,NULL),(86,21,78,9,NULL),(87,87,31,1,NULL),(88,36,82,8,NULL),(89,95,52,8,NULL),(90,27,75,7,NULL),(91,16,60,7,NULL),(92,80,42,2,NULL),(93,24,53,4,NULL),(94,75,24,6,NULL),(95,78,91,8,NULL),(96,18,75,6,NULL),(97,8,75,3,NULL),(98,96,36,1,NULL),(99,80,2,2,NULL),(100,65,34,5,NULL);
/*!40000 ALTER TABLE `transactions` ENABLE KEYS */;
UNLOCK TABLES;

--
-- Table structure for table `users`
--

DROP TABLE IF EXISTS `users`;
/*!40101 SET @saved_cs_client     = @@character_set_client */;
/*!40101 SET character_set_client = utf8 */;
CREATE TABLE `users` (
  `Id` int(11) NOT NULL AUTO_INCREMENT,
  `Name` varchar(100) NOT NULL,
  `Email` varchar(100) NOT NULL,
  `Password` varchar(100) NOT NULL,
  `Country` text NOT NULL,
  `Street` varchar(100) NOT NULL,
  `PhotoUser` varchar(100) DEFAULT NULL,
  PRIMARY KEY (`Id`)
) ENGINE=InnoDB AUTO_INCREMENT=101 DEFAULT CHARSET=utf8mb4;
/*!40101 SET character_set_client = @saved_cs_client */;

--
-- Dumping data for table `users`
--

LOCK TABLES `users` WRITE;
/*!40000 ALTER TABLE `users` DISABLE KEYS */;
INSERT INTO `users` VALUES (1,'Carmen Plunket','cplunket0@dyndns.org','UIMB8JjGYw','ID','71 West Center','http://dummyimage.com/148x100.png/ff4444/ffffff'),(2,'Kelila Braben','kbraben1@illinois.edu','M6Smnv5Huiv','RU','91688 Mcguire Junction','http://dummyimage.com/113x100.png/dddddd/000000'),(3,'Alameda Hinckley','ahinckley2@utexas.edu','E7FOmpBZY','PT','90095 Fairfield Plaza','http://dummyimage.com/231x100.png/5fa2dd/ffffff'),(4,'Pierette Menendes','pmenendes3@friendfeed.com','0rlvwOmdS','MA','1483 Twin Pines Junction','http://dummyimage.com/193x100.png/5fa2dd/ffffff'),(5,'Kiah Anelay','kanelay4@economist.com','nGanReta5rFR','CN','1259 Bunting Road','http://dummyimage.com/190x100.png/dddddd/000000'),(6,'Virginia Hawk','vhawk5@nbcnews.com','IjEiws','ID','96025 Jenifer Court','http://dummyimage.com/184x100.png/dddddd/000000'),(7,'Faina Vannucci','fvannucci6@over-blog.com','rYwAyypfKnK','IE','46 Carioca Center','http://dummyimage.com/104x100.png/ff4444/ffffff'),(8,'Lindsey Mellem','lmellem7@sourceforge.net','B5P1yL','EC','00094 Nobel Court','http://dummyimage.com/120x100.png/dddddd/000000'),(9,'Cyrus Snodin','csnodin8@i2i.jp','MWrz5RwzhE6F','CN','9646 Hoepker Park','http://dummyimage.com/226x100.png/cc0000/ffffff'),(10,'Barnie Trusler','btrusler9@tumblr.com','7xJpoGGx8VCU','RU','5 Dakota Place','http://dummyimage.com/217x100.png/dddddd/000000'),(11,'Henri Owenson','howensona@seattletimes.com','hPutb2t','CN','85 Division Alley','http://dummyimage.com/227x100.png/cc0000/ffffff'),(12,'Layton Southgate','lsouthgateb@house.gov','HI3fv5qLqFC','CN','78033 Tomscot Court','http://dummyimage.com/198x100.png/cc0000/ffffff'),(13,'Jeth Treher','jtreherc@wired.com','pIupU8TVgPw','KZ','2 Dorton Street','http://dummyimage.com/101x100.png/5fa2dd/ffffff'),(14,'Chelsy Fosdyke','cfosdyked@myspace.com','6VYS9kd96','ID','054 Schurz Hill','http://dummyimage.com/174x100.png/cc0000/ffffff'),(15,'Elvin Trappe','etrappee@about.me','RA1cvW','CO','6320 Shopko Circle','http://dummyimage.com/112x100.png/ff4444/ffffff'),(16,'Francois Gornall','fgornallf@paypal.com','VM4tOaT','RU','572 Cascade Court','http://dummyimage.com/243x100.png/5fa2dd/ffffff'),(17,'Morgen Lemarie','mlemarieg@bloomberg.com','AnpWV4SxC1Q','CN','627 Heath Hill','http://dummyimage.com/148x100.png/ff4444/ffffff'),(18,'Zita Fautly','zfautlyh@barnesandnoble.com','bUeBZj8zy','CN','22335 Banding Park','http://dummyimage.com/239x100.png/5fa2dd/ffffff'),(19,'Moyna Preedy','mpreedyi@cbc.ca','xSkUSU4YHNc','GR','08829 Shopko Alley','http://dummyimage.com/238x100.png/5fa2dd/ffffff'),(20,'Francine Lynock','flynockj@imageshack.us','bewVhYj3','CZ','32826 Melby Parkway','http://dummyimage.com/227x100.png/5fa2dd/ffffff'),(21,'Warde Lowy','wlowyk@google.com.br','42ckczm','UA','576 Eagle Crest Terrace','http://dummyimage.com/218x100.png/5fa2dd/ffffff'),(22,'Leelah Degnen','ldegnenl@so-net.ne.jp','ZMCKdAfSX','BR','04726 Loftsgordon Trail','http://dummyimage.com/107x100.png/5fa2dd/ffffff'),(23,'Demott Yapp','dyappm@java.com','zWO3X6j4Fuz2','RE','5138 Meadow Vale Hill','http://dummyimage.com/160x100.png/dddddd/000000'),(24,'Ranna Soan','rsoann@e-recht24.de','yGgeUvY','RU','2176 Vahlen Parkway','http://dummyimage.com/154x100.png/ff4444/ffffff'),(25,'Nicoli Chesney','nchesneyo@ucla.edu','F4NxHen2Gux','CN','62 Stephen Hill','http://dummyimage.com/213x100.png/dddddd/000000'),(26,'Wilma Lawly','wlawlyp@tmall.com','KVgLn18b','ID','947 Pankratz Alley','http://dummyimage.com/203x100.png/5fa2dd/ffffff'),(27,'Allianora Fallawe','afallaweq@cnbc.com','ZOwSNQKFMdx','PE','8 South Alley','http://dummyimage.com/174x100.png/ff4444/ffffff'),(28,'Allegra Denyagin','adenyaginr@youtube.com','e8b8YI7Lq','UZ','0162 Surrey Trail','http://dummyimage.com/110x100.png/ff4444/ffffff'),(29,'Harv Organ','horgans@europa.eu','6KOHNFxEr9','KR','9605 Glacier Hill Court','http://dummyimage.com/170x100.png/ff4444/ffffff'),(30,'Maurie McBeth','mmcbetht@livejournal.com','2uD0IGxeEM','GR','94 Butternut Junction','http://dummyimage.com/133x100.png/ff4444/ffffff'),(31,'Calla Scud','cscudu@google.com','uxVb45lU7','CN','506 Loeprich Point','http://dummyimage.com/232x100.png/cc0000/ffffff'),(32,'Ellynn Dundon','edundonv@exblog.jp','fQBoeO','FM','77 Merrick Hill','http://dummyimage.com/209x100.png/dddddd/000000'),(33,'Zachary Hullin','zhullinw@biglobe.ne.jp','v4mdh332Qs','CO','6 Anhalt Court','http://dummyimage.com/156x100.png/5fa2dd/ffffff'),(34,'Dannel Klas','dklasx@go.com','2uKIgGPpGZ80','RU','3 Birchwood Avenue','http://dummyimage.com/164x100.png/ff4444/ffffff'),(35,'Erda Grzegorecki','egrzegoreckiy@biblegateway.com','D57aNY9vpQ','PE','463 Kropf Lane','http://dummyimage.com/203x100.png/5fa2dd/ffffff'),(36,'Min Beller','mbellerz@stumbleupon.com','k8bzpBmzVW3G','HR','08 International Circle','http://dummyimage.com/245x100.png/cc0000/ffffff'),(37,'Leeland Cranna','lcranna10@weibo.com','fLdQRlh8','CN','0 Dixon Crossing','http://dummyimage.com/121x100.png/cc0000/ffffff'),(38,'Remington Mawdsley','rmawdsley11@webs.com','tAr8G7HMdh','RU','6 Comanche Crossing','http://dummyimage.com/203x100.png/ff4444/ffffff'),(39,'Aldis Anfossi','aanfossi12@senate.gov','IhTTFSlWW','CG','696 Dottie Drive','http://dummyimage.com/108x100.png/5fa2dd/ffffff'),(40,'Caryl Slessor','cslessor13@cocolog-nifty.com','6zqKZsna8','FI','6 Troy Road','http://dummyimage.com/149x100.png/5fa2dd/ffffff'),(41,'Andreana Gogie','agogie14@fda.gov','nsLzgFPO3y','SR','9821 Bultman Parkway','http://dummyimage.com/101x100.png/cc0000/ffffff'),(42,'Ara Crosfield','acrosfield15@mail.ru','6e0MEE0ezY','CN','51 Troy Park','http://dummyimage.com/197x100.png/cc0000/ffffff'),(43,'Ivar Pley','ipley16@amazon.co.jp','FzkQSKcV','VN','1845 Carioca Parkway','http://dummyimage.com/104x100.png/ff4444/ffffff'),(44,'Jermayne Pietrzyk','jpietrzyk17@xrea.com','hLNXrA','RU','8 Morrow Center','http://dummyimage.com/111x100.png/5fa2dd/ffffff'),(45,'Anatole Walentynowicz','awalentynowicz18@spotify.com','rp5ElR7b','CN','87333 Moose Way','http://dummyimage.com/144x100.png/5fa2dd/ffffff'),(46,'Jeff Burnside','jburnside19@xrea.com','ZsgucHqINH','PL','866 Sloan Junction','http://dummyimage.com/238x100.png/dddddd/000000'),(47,'Roscoe Gaytor','rgaytor1a@typepad.com','LGk4To','ID','5 Donald Plaza','http://dummyimage.com/127x100.png/dddddd/000000'),(48,'Shena Frood','sfrood1b@latimes.com','x7Nd8aA13','SE','7107 East Parkway','http://dummyimage.com/188x100.png/dddddd/000000'),(49,'Stoddard Minchenton','sminchenton1c@about.me','4wigPeiBZqM','JP','56138 Mifflin Junction','http://dummyimage.com/122x100.png/dddddd/000000'),(50,'Mellicent Liebmann','mliebmann1d@columbia.edu','XjRh8mMN84','CZ','80 Valley Edge Street','http://dummyimage.com/208x100.png/ff4444/ffffff'),(51,'Danit Blunsum','dblunsum1e@wsj.com','XEX7a9u','ID','10 Marcy Avenue','http://dummyimage.com/225x100.png/cc0000/ffffff'),(52,'Case Chessum','cchessum1f@so-net.ne.jp','EPp0EQmYc2fj','BR','3505 Oakridge Lane','http://dummyimage.com/184x100.png/dddddd/000000'),(53,'Annette Roze','aroze1g@aboutads.info','C6EzTWpwrDh','GR','26257 Corscot Center','http://dummyimage.com/226x100.png/cc0000/ffffff'),(54,'Eba Konzelmann','ekonzelmann1h@skyrock.com','gMBMZLpOB','AF','70750 Stuart Place','http://dummyimage.com/246x100.png/dddddd/000000'),(55,'Katheryn Iacomo','kiacomo1i@discovery.com','jTeyMC0zANXl','CO','62 Northview Center','http://dummyimage.com/230x100.png/cc0000/ffffff'),(56,'Bibbie Longson','blongson1j@ovh.net','l4VtKw7r1','ID','73529 Park Meadow Trail','http://dummyimage.com/106x100.png/dddddd/000000'),(57,'Giff Magauran','gmagauran1k@bigcartel.com','6RWmorJ','RU','03 Farragut Alley','http://dummyimage.com/190x100.png/cc0000/ffffff'),(58,'Garrett McCaughen','gmccaughen1l@howstuffworks.com','AykWww6J6pF','CM','6 Alpine Street','http://dummyimage.com/100x100.png/ff4444/ffffff'),(59,'Hurleigh Gurdon','hgurdon1m@parallels.com','j4718I','CN','7 Florence Avenue','http://dummyimage.com/212x100.png/5fa2dd/ffffff'),(60,'Franni Jurkiewicz','fjurkiewicz1n@issuu.com','DpD0Rzf60Qp','PH','86 Melby Park','http://dummyimage.com/238x100.png/5fa2dd/ffffff'),(61,'Polly Gammade','pgammade1o@geocities.jp','mwr2RgSXqY','PH','15416 Onsgard Alley','http://dummyimage.com/200x100.png/dddddd/000000'),(62,'Gail O\'Brallaghan','gobrallaghan1p@hatena.ne.jp','VQGc4ujU4J','PT','0137 Milwaukee Point','http://dummyimage.com/231x100.png/dddddd/000000'),(63,'Dinny Roma','droma1q@uol.com.br','dYVIncjzrP','CN','97 Mallard Trail','http://dummyimage.com/214x100.png/5fa2dd/ffffff'),(64,'Kimmi Kubanek','kkubanek1r@icq.com','m7frhvIH','RU','8073 Magdeline Court','http://dummyimage.com/100x100.png/cc0000/ffffff'),(65,'Farrel Lejeune','flejeune1s@yahoo.com','iEByQp6usIr','PH','54 Truax Alley','http://dummyimage.com/140x100.png/dddddd/000000'),(66,'Kinna Bowman','kbowman1t@bluehost.com','3BHP3k0Cc','CN','2 Granby Terrace','http://dummyimage.com/155x100.png/cc0000/ffffff'),(67,'Cross Sunners','csunners1u@rediff.com','WG62pOhJNz','RU','4185 Carioca Avenue','http://dummyimage.com/175x100.png/ff4444/ffffff'),(68,'Leigh Clipsham','lclipsham1v@nytimes.com','6pjmGrSs','ES','413 Evergreen Court','http://dummyimage.com/212x100.png/dddddd/000000'),(69,'Shoshana Wogden','swogden1w@theguardian.com','09ufPcc','PE','65737 Division Street','http://dummyimage.com/157x100.png/dddddd/000000'),(70,'Theodora Auchterlonie','tauchterlonie1x@tripadvisor.com','6EpZlZeGli4z','FR','7 Graedel Hill','http://dummyimage.com/180x100.png/cc0000/ffffff'),(71,'Morgen Rosenwald','mrosenwald1y@twitpic.com','89PykV','JP','35838 Loomis Plaza','http://dummyimage.com/134x100.png/ff4444/ffffff'),(72,'Crin Handling','chandling1z@addtoany.com','hAcbAGXGPQWv','CU','4870 Red Cloud Court','http://dummyimage.com/167x100.png/cc0000/ffffff'),(73,'Jard Axby','jaxby20@mediafire.com','vcAEmLE81','UA','1 Tennessee Plaza','http://dummyimage.com/184x100.png/cc0000/ffffff'),(74,'Ted Georgeou','tgeorgeou21@discovery.com','WrITKK','RU','68 Cody Avenue','http://dummyimage.com/104x100.png/dddddd/000000'),(75,'Eimile Robelet','erobelet22@studiopress.com','FOCJjxzCDZm','PE','83803 Center Court','http://dummyimage.com/163x100.png/5fa2dd/ffffff'),(76,'Martynne Denty','mdenty23@hao123.com','oTxhnpd8','CO','1165 Jay Place','http://dummyimage.com/208x100.png/5fa2dd/ffffff'),(77,'Tammie Shreeves','tshreeves24@newyorker.com','ql6OjVr','CN','970 Rowland Hill','http://dummyimage.com/104x100.png/5fa2dd/ffffff'),(78,'Breena Stiegers','bstiegers25@devhub.com','kGYfkb','ID','979 Monterey Center','http://dummyimage.com/102x100.png/5fa2dd/ffffff'),(79,'Emmie Grigore','egrigore26@1688.com','Yws5gWq','PH','2912 Utah Alley','http://dummyimage.com/111x100.png/dddddd/000000'),(80,'Letisha Howman','lhowman27@army.mil','ixbgPc6c','PE','3334 Algoma Lane','http://dummyimage.com/207x100.png/ff4444/ffffff'),(81,'Dalia Ubsdall','dubsdall28@examiner.com','Tc8WbXRi6d','FR','0 Rieder Park','http://dummyimage.com/189x100.png/dddddd/000000'),(82,'Othella Gush','ogush29@nydailynews.com','XyQH3rNK5c','RS','39 Welch Crossing','http://dummyimage.com/120x100.png/5fa2dd/ffffff'),(83,'Erin Calvard','ecalvard2a@ameblo.jp','xqbTRXfn','CZ','6274 Raven Terrace','http://dummyimage.com/193x100.png/cc0000/ffffff'),(84,'Flory Goodship','fgoodship2b@facebook.com','a3PWGFNW','ID','72 Talmadge Junction','http://dummyimage.com/185x100.png/5fa2dd/ffffff'),(85,'Tedra Morten','tmorten2c@yahoo.com','rHaAh2I','CN','88815 Nevada Point','http://dummyimage.com/146x100.png/cc0000/ffffff'),(86,'Taddeusz Clist','tclist2d@reference.com','T11bSk','PE','70 Lindbergh Terrace','http://dummyimage.com/109x100.png/cc0000/ffffff'),(87,'Pate Frude','pfrude2e@e-recht24.de','tIRDjKk','CN','0 Forest Pass','http://dummyimage.com/197x100.png/ff4444/ffffff'),(88,'Pearce Donaway','pdonaway2f@posterous.com','GbDubCcpyeU','CN','1 Arrowood Point','http://dummyimage.com/237x100.png/5fa2dd/ffffff'),(89,'Allix Greatrakes','agreatrakes2g@icio.us','jTq6uTIYEm','CN','15 Prairie Rose Plaza','http://dummyimage.com/153x100.png/cc0000/ffffff'),(90,'Aeriela Sheringham','asheringham2h@nhs.uk','mK2jsCLbR','ID','71 Talisman Trail','http://dummyimage.com/239x100.png/cc0000/ffffff'),(91,'Lorinda Le Brum','lle2i@amazon.com','8dNLmGfWrfg','PS','65 Bartillon Terrace','http://dummyimage.com/138x100.png/ff4444/ffffff'),(92,'Frieda Cabotto','fcabotto2j@discuz.net','I1B3mQ9mgMnh','JP','282 Straubel Lane','http://dummyimage.com/233x100.png/ff4444/ffffff'),(93,'Godard Rossander','grossander2k@economist.com','llxnfsYrVG','NG','9144 Loeprich Lane','http://dummyimage.com/135x100.png/dddddd/000000'),(94,'Meridel Concklin','mconcklin2l@hexun.com','ZlQTHlMNmj9','FR','36064 Rowland Junction','http://dummyimage.com/143x100.png/ff4444/ffffff'),(95,'Colby Sulland','csulland2m@chicagotribune.com','HlFPHA','BR','723 Fairfield Court','http://dummyimage.com/184x100.png/ff4444/ffffff'),(96,'Jere Norcross','jnorcross2n@gnu.org','hPSd9gm4','CA','2277 Magdeline Drive','http://dummyimage.com/152x100.png/dddddd/000000'),(97,'Clayton Lipp','clipp2o@cargocollective.com','alcgwbu','BR','1 Bluejay Avenue','http://dummyimage.com/143x100.png/cc0000/ffffff'),(98,'Paxton Hollington','phollington2p@so-net.ne.jp','mAuIk5yskbTO','BY','5 Garrison Court','http://dummyimage.com/171x100.png/cc0000/ffffff'),(99,'Dennie Forson','dforson2q@nbcnews.com','kOrPuUWPbFl','PH','64 Mcbride Center','http://dummyimage.com/119x100.png/dddddd/000000'),(100,'Philip Meehan','pmeehan2r@sbwire.com','wtThZyLZa','ZA','37 Haas Crossing','http://dummyimage.com/106x100.png/ff4444/ffffff');
/*!40000 ALTER TABLE `users` ENABLE KEYS */;
UNLOCK TABLES;

--
-- Table structure for table `usershop`
--

DROP TABLE IF EXISTS `usershop`;
/*!40101 SET @saved_cs_client     = @@character_set_client */;
/*!40101 SET character_set_client = utf8 */;
CREATE TABLE `usershop` (
  `Id` int(11) NOT NULL AUTO_INCREMENT,
  `User_Id` int(11) NOT NULL,
  `Product_Id` int(11) NOT NULL,
  PRIMARY KEY (`Id`),
  KEY `usershop_FK` (`User_Id`),
  KEY `usershop_FK_1` (`Product_Id`),
  CONSTRAINT `usershop_FK` FOREIGN KEY (`User_Id`) REFERENCES `users` (`Id`),
  CONSTRAINT `usershop_FK_1` FOREIGN KEY (`Product_Id`) REFERENCES `products` (`Id`)
) ENGINE=InnoDB AUTO_INCREMENT=101 DEFAULT CHARSET=utf8mb4;
/*!40101 SET character_set_client = @saved_cs_client */;

--
-- Dumping data for table `usershop`
--

LOCK TABLES `usershop` WRITE;
/*!40000 ALTER TABLE `usershop` DISABLE KEYS */;
INSERT INTO `usershop` VALUES (1,85,22),(2,16,58),(3,51,72),(4,47,75),(5,48,92),(6,16,54),(7,30,39),(8,26,50),(9,90,48),(10,32,66),(11,93,87),(12,60,55),(13,46,97),(14,97,63),(15,19,46),(16,95,11),(17,80,73),(18,77,87),(19,74,50),(20,55,86),(21,6,66),(22,16,78),(23,94,97),(24,33,59),(25,67,20),(26,56,52),(27,80,5),(28,48,74),(29,14,16),(30,84,8),(31,79,60),(32,28,82),(33,98,57),(34,72,14),(35,41,32),(36,55,58),(37,27,22),(38,73,11),(39,52,45),(40,85,41),(41,59,58),(42,92,48),(43,10,38),(44,83,82),(45,65,4),(46,64,85),(47,33,51),(48,34,45),(49,25,93),(50,4,88),(51,86,40),(52,9,1),(53,82,96),(54,27,82),(55,54,99),(56,92,22),(57,99,8),(58,55,73),(59,23,55),(60,28,25),(61,28,54),(62,88,94),(63,24,89),(64,21,74),(65,34,14),(66,69,61),(67,96,64),(68,80,4),(69,45,43),(70,23,97),(71,62,18),(72,27,44),(73,50,90),(74,32,53),(75,82,57),(76,19,33),(77,9,17),(78,29,82),(79,42,66),(80,98,33),(81,85,25),(82,39,94),(83,1,40),(84,23,77),(85,34,2),(86,78,71),(87,5,68),(88,48,42),(89,86,29),(90,82,11),(91,23,53),(92,1,28),(93,65,15),(94,99,81),(95,76,66),(96,41,55),(97,17,39),(98,4,48),(99,78,5),(100,55,2);
/*!40000 ALTER TABLE `usershop` ENABLE KEYS */;
UNLOCK TABLES;

--
-- Dumping routines for database 'mirrorlens'
--
/*!40103 SET TIME_ZONE=@OLD_TIME_ZONE */;

/*!40101 SET SQL_MODE=@OLD_SQL_MODE */;
/*!40014 SET FOREIGN_KEY_CHECKS=@OLD_FOREIGN_KEY_CHECKS */;
/*!40014 SET UNIQUE_CHECKS=@OLD_UNIQUE_CHECKS */;
/*!40101 SET CHARACTER_SET_CLIENT=@OLD_CHARACTER_SET_CLIENT */;
/*!40101 SET CHARACTER_SET_RESULTS=@OLD_CHARACTER_SET_RESULTS */;
/*!40101 SET COLLATION_CONNECTION=@OLD_COLLATION_CONNECTION */;
/*!40111 SET SQL_NOTES=@OLD_SQL_NOTES */;

-- Dump completed on 2022-01-17 22:00:03
