-- MySQL dump 10.13  Distrib 5.5.62, for Win64 (AMD64)
--
-- Host: localhost    Database: mirrorlens2
-- ------------------------------------------------------
-- Server version	5.5.5-10.4.22-MariaDB

/*!40101 SET @OLD_CHARACTER_SET_CLIENT=@@CHARACTER_SET_CLIENT */;
/*!40101 SET @OLD_CHARACTER_SET_RESULTS=@@CHARACTER_SET_RESULTS */;
/*!40101 SET @OLD_COLLATION_CONNECTION=@@COLLATION_CONNECTION */;
/*!40101 SET NAMES utf8 */;
/*!40103 SET @OLD_TIME_ZONE=@@TIME_ZONE */;
/*!40103 SET TIME_ZONE='+00:00' */;
/*!40014 SET @OLD_UNIQUE_CHECKS=@@UNIQUE_CHECKS, UNIQUE_CHECKS=0 */;
/*!40014 SET @OLD_FOREIGN_KEY_CHECKS=@@FOREIGN_KEY_CHECKS, FOREIGN_KEY_CHECKS=0 */;
/*!40101 SET @OLD_SQL_MODE=@@SQL_MODE, SQL_MODE='NO_AUTO_VALUE_ON_ZERO' */;
/*!40111 SET @OLD_SQL_NOTES=@@SQL_NOTES, SQL_NOTES=0 */;

--
-- Table structure for table `border_color`
--

DROP TABLE IF EXISTS `border_color`;
/*!40101 SET @saved_cs_client     = @@character_set_client */;
/*!40101 SET character_set_client = utf8 */;
CREATE TABLE `border_color` (
  `Id` int(11) NOT NULL AUTO_INCREMENT,
  `Red` smallint(6) NOT NULL,
  `Blue` smallint(6) NOT NULL,
  `Black` smallint(6) NOT NULL,
  `White` smallint(6) NOT NULL,
  `Purple` smallint(6) NOT NULL,
  `Grey` smallint(6) NOT NULL,
  `Green` smallint(6) NOT NULL,
  `Orange` smallint(6) NOT NULL,
  `Yellow` smallint(6) NOT NULL,
  `Pink` smallint(6) NOT NULL,
  `Brown` smallint(6) NOT NULL,
  `Transparent` smallint(6) NOT NULL,
  PRIMARY KEY (`Id`)
) ENGINE=InnoDB AUTO_INCREMENT=24 DEFAULT CHARSET=utf8mb4;
/*!40101 SET character_set_client = @saved_cs_client */;

--
-- Dumping data for table `border_color`
--

LOCK TABLES `border_color` WRITE;
/*!40000 ALTER TABLE `border_color` DISABLE KEYS */;
INSERT INTO `border_color` VALUES (1,0,0,1,0,0,0,0,1,0,0,0,0),(2,0,0,1,0,0,0,0,0,0,0,0,0),(3,0,0,0,1,0,0,0,0,0,1,0,0),(4,0,0,1,0,0,0,0,0,0,0,0,0),(5,0,0,0,0,0,1,0,0,0,0,0,0),(6,0,0,1,0,0,0,0,0,0,0,0,0),(7,0,1,1,0,0,0,0,0,0,0,0,1),(8,0,0,1,0,0,0,0,0,0,0,0,0),(12,0,0,1,0,0,0,0,0,0,0,0,0),(13,0,0,1,0,0,0,0,0,0,0,0,0),(15,0,0,1,0,0,0,0,0,0,0,0,0),(17,0,0,1,0,0,0,0,0,0,0,0,0);
/*!40000 ALTER TABLE `border_color` ENABLE KEYS */;
UNLOCK TABLES;

--
-- Table structure for table `glass_color`
--

DROP TABLE IF EXISTS `glass_color`;
/*!40101 SET @saved_cs_client     = @@character_set_client */;
/*!40101 SET character_set_client = utf8 */;
CREATE TABLE `glass_color` (
  `Id` int(11) NOT NULL AUTO_INCREMENT,
  `Red` smallint(6) NOT NULL,
  `Blue` smallint(6) NOT NULL,
  `Black` smallint(6) NOT NULL,
  `White` smallint(6) NOT NULL,
  `Purple` smallint(6) NOT NULL,
  `Grey` smallint(6) NOT NULL,
  `Green` smallint(6) NOT NULL,
  `Orange` smallint(6) NOT NULL,
  `Yellow` smallint(6) NOT NULL,
  `Pink` smallint(6) NOT NULL,
  `Brown` smallint(6) NOT NULL,
  PRIMARY KEY (`Id`)
) ENGINE=InnoDB AUTO_INCREMENT=24 DEFAULT CHARSET=utf8mb4;
/*!40101 SET character_set_client = @saved_cs_client */;

--
-- Dumping data for table `glass_color`
--

LOCK TABLES `glass_color` WRITE;
/*!40000 ALTER TABLE `glass_color` DISABLE KEYS */;
INSERT INTO `glass_color` VALUES (1,0,0,1,0,0,0,0,0,0,0,0),(2,0,0,1,0,0,0,1,0,0,0,0),(3,0,0,0,0,0,0,0,0,0,1,0),(4,0,0,1,0,0,1,0,0,0,0,0),(5,0,0,1,0,0,0,0,1,0,0,0),(6,1,0,1,0,0,0,0,0,0,0,0),(7,0,0,1,1,0,1,0,0,0,0,0),(8,0,0,1,0,0,0,0,0,0,0,0),(12,0,0,1,0,0,0,0,0,0,0,0),(13,0,0,1,0,0,0,0,0,0,0,0),(15,0,0,1,0,0,0,0,0,0,0,0),(17,0,0,1,0,0,0,0,0,0,0,0);
/*!40000 ALTER TABLE `glass_color` ENABLE KEYS */;
UNLOCK TABLES;

--
-- Table structure for table `image_products`
--

DROP TABLE IF EXISTS `image_products`;
/*!40101 SET @saved_cs_client     = @@character_set_client */;
/*!40101 SET character_set_client = utf8 */;
CREATE TABLE `image_products` (
  `id` int(10) unsigned NOT NULL AUTO_INCREMENT,
  `image1` varchar(255) NOT NULL,
  `image2` varchar(255) DEFAULT NULL,
  `image3` varchar(255) DEFAULT NULL,
  PRIMARY KEY (`id`)
) ENGINE=InnoDB AUTO_INCREMENT=34 DEFAULT CHARSET=utf8mb4;
/*!40101 SET character_set_client = @saved_cs_client */;

--
-- Dumping data for table `image_products`
--

LOCK TABLES `image_products` WRITE;
/*!40000 ALTER TABLE `image_products` DISABLE KEYS */;
INSERT INTO `image_products` VALUES (1,'/images/productsimage/OAKLEY_9102_01_800x.jpg','/images/productsimage/OAKLEY_9102_01_2_800x.jpg','/images/productsimage/Medidas-Final_44b4698e-f740-45d5-b0ec-725ce4d9c426_800x.jpg'),(2,'/images/productsimage/RAY_BAN_2447_52_901_800x.jpg','/images/productsimage/RAY_BAN_2447_52_901_2_160x.jpg','/images/productsimage/RAY_BAN_2447_52_901_3_1800x1132.jpg'),(3,'/images/productsimage/VULKYESTERMBLKREVOROSE_800x.jpg','/images/productsimage/VULKYESTERMBLKREVOROSE_2_1800x1132.jpg','/images/productsimage/VULKYESTERMBLKREVOROSE_3_1800x1132.jpg'),(4,'/images/productsimage/NYOL190403S_800x.jpg','/images/productsimage/NYOL190403S_2_1800x1132.jpg','/images/productsimage/NYOL190403S_3_1800x1132.jpg'),(5,'/images/productsimage/REEF22402_800x.jpg','/images/productsimage/REEF22402_2_1800x1132.jpg','/images/productsimage/REEF22402_3_1800x1132.jpg'),(6,'/images/productsimage/VULKGEESSDEMI-B10POL_800x.jpg','/images/productsimage/VULKGEESSDEMI-B10POL_2_1800x1132.jpg','/images/productsimage/VULKGEESSDEMI-B10POL_3_1800x1132.jpg'),(7,'/images/productsimage/0RA5160__510_13_000A_1413x889.jpg','/images/productsimage/0RA5160__510_13_030A_1560x981.jpg','/images/productsimage/0RA5160__510_13_090A_1433x902.jpg'),(8,'/images/productsimage/RUSTY_MANIC_SBLK_REVO_BLUE_1800x1132.jpg','/images/productsimage/RUSTY_MANIC_SBLK_REVO_BLUE_2_1800x1132.jpg','/images/productsimage/Medidas-Final_44b4698e-f740-45d5-b0ec-725ce4d9c426_800x.jpg'),(22,'/images/productsimage/user-1645549671480.jpg',NULL,NULL),(23,'/images/productsimage/user-1645549945905.png','/images/productsimage/user-1645549945908.jpg',NULL),(25,'/images/productsimage/user-1645550439196.jpg','/images/productsimage/user-1645550439197.jpg',NULL),(27,'/images/productsimage/user-1645550716098.jpg','/images/productsimage/user-1645550699778.jpg',NULL);
/*!40000 ALTER TABLE `image_products` ENABLE KEYS */;
UNLOCK TABLES;

--
-- Table structure for table `products`
--

DROP TABLE IF EXISTS `products`;
/*!40101 SET @saved_cs_client     = @@character_set_client */;
/*!40101 SET character_set_client = utf8 */;
CREATE TABLE `products` (
  `id` int(10) unsigned NOT NULL AUTO_INCREMENT,
  `name` varchar(255) NOT NULL,
  `price` decimal(10,0) NOT NULL,
  `description` longtext NOT NULL,
  `type` varchar(255) NOT NULL,
  `borderColor_Id` int(11) NOT NULL,
  `glassColor_Id` int(11) NOT NULL,
  `brand` varchar(255) NOT NULL,
  `gender` varchar(255) NOT NULL,
  `model` varchar(255) NOT NULL,
  `image_id` int(10) unsigned DEFAULT NULL,
  PRIMARY KEY (`id`),
  KEY `image_fk_idx` (`image_id`),
  KEY `products_FK` (`borderColor_Id`),
  KEY `products_FK_1` (`glassColor_Id`),
  CONSTRAINT `image_fk` FOREIGN KEY (`image_id`) REFERENCES `image_products` (`id`) ON DELETE CASCADE ON UPDATE CASCADE,
  CONSTRAINT `products_FK` FOREIGN KEY (`borderColor_Id`) REFERENCES `border_color` (`Id`) ON DELETE CASCADE ON UPDATE CASCADE,
  CONSTRAINT `products_FK_1` FOREIGN KEY (`glassColor_Id`) REFERENCES `glass_color` (`Id`)
) ENGINE=InnoDB AUTO_INCREMENT=34 DEFAULT CHARSET=utf8mb4;
/*!40101 SET character_set_client = @saved_cs_client */;

--
-- Dumping data for table `products`
--

LOCK TABLES `products` WRITE;
/*!40000 ALTER TABLE `products` DISABLE KEYS */;
INSERT INTO `products` VALUES (1,'OAKLEY HOLBROOK 01',12530,'Material: Plastico, Medidas: 55-18-137, Aro Completo, Peso: 27 gramos','Sunglasses',1,1,'Oakley','U','HOLBROOK ',1),(2,'RAY BAN ROUND 901',18860,'Material: Plastico, Medidas: 49-21-145, Aro Completo, Peso: 30 gramos','Sunglasses',2,2,'Ray Ban','U','ROUND 901',2),(3,'VULK REVO ROSE',7310,'Material: TR90, Medidas: 53-19-140, Tipo: Aro Completo, Peso: 28 gramos','Sunglasses',3,3,'Vulk','U','MBLK REVO ROSE',3),(4,'NYOL 1904 03 SPOL',5500,'Material: Metal, Medidas: 50-17-145, Tipo: Aro Completo, Peso: 28 gramos','Sunglasses',4,4,'Nyol','U','NYOL',4),(5,'REEF 224 02',9110,'Material: TR90 y Metal, Medidas: 54-17-134, Tipo: Aro Completo, Peso: 28 gramos','Sunglasses',5,5,'Reef','U','224 02',5),(6,'VULK B10 POL',6990,'Material: TR90, Medidas: 58-16-125, Tipo: Aro Completo, Peso: 28 gramos','Sunglasses',6,6,'Vulk','U','GEES SDEMI B10 POL',6),(7,'RALPH 5160 510 13',12650,'Material: Plastico, Medidas: 57-17-135, Tipo: Aro Completo, Peso: 30 gramos','Sunglasses',7,7,'Ralph','M','5160 510 13',7),(8,'RUSTY MANIC SBLK R.BLUE',6630,'Material: Plastico, Medidas: 50-14-140, Tipo: Aro Completo, Peso: 28 gramos','Sunglasses',8,8,'Rusty','U','MANIC SBLK R.BLUE',8),(22,'Post-Malone + Arnette  ',47,'Arnette glasses are synonymous with sustainability, easy-going design and high-quality materials. Inspired by street culture, Arnette prescription glasses and sunglasses are fashion forward with an easy-on-earth attitude.  ','Sunglasses',12,12,'Arnette ','M','POST MALONE+ARNETTE  ',22),(23,'L1145',93,'Coach is a global leader in premium accessories who prides itself on maintaining the highest standards for materials and workmanship. The brand embodies a unique combination of original American attitude and design.','Sunglasses',13,13,'Coach','F','L1145',23),(25,'LA FAYETTE',70,'Vogue Eyewear is for those who play with style. Fun shapes and distinctive details make its sun and optical design about what’s hot right now – but on the real side of fashion.','Sunglasses',15,15,'Vogue','F','La Fayette',25),(27,'BE4294 ',152,'Burberry frames are a quintessentially British icon with a heritage of legendary innovation and craftsmanship. Established in 1856 and now under the creative direction of Riccardo Tisci, Burberry remains at the forefront of all fashion avenues, including in its acclaimed collection of ','Sunglasses',17,17,'Burberry','F','BE4294 ',27);
/*!40000 ALTER TABLE `products` ENABLE KEYS */;
UNLOCK TABLES;

--
-- Table structure for table `transactions`
--

DROP TABLE IF EXISTS `transactions`;
/*!40101 SET @saved_cs_client     = @@character_set_client */;
/*!40101 SET character_set_client = utf8 */;
CREATE TABLE `transactions` (
  `id` int(10) unsigned NOT NULL AUTO_INCREMENT,
  `user_id` int(10) unsigned NOT NULL,
  `product_id` int(10) unsigned NOT NULL,
  `amount` decimal(10,0) NOT NULL,
  `border_color` varchar(100) NOT NULL,
  `glass_color` varchar(100) NOT NULL,
  PRIMARY KEY (`id`),
  KEY `fk_user_id_idx` (`user_id`),
  KEY `fk_product_id_idx` (`product_id`),
  CONSTRAINT `fk_product_transaction` FOREIGN KEY (`product_id`) REFERENCES `products` (`id`),
  CONSTRAINT `fk_user_transaction` FOREIGN KEY (`user_id`) REFERENCES `users` (`id`)
) ENGINE=InnoDB AUTO_INCREMENT=19 DEFAULT CHARSET=utf8mb4;
/*!40101 SET character_set_client = @saved_cs_client */;

--
-- Dumping data for table `transactions`
--

LOCK TABLES `transactions` WRITE;
/*!40000 ALTER TABLE `transactions` DISABLE KEYS */;
INSERT INTO `transactions` VALUES (18,2,3,1,'white','pink');
/*!40000 ALTER TABLE `transactions` ENABLE KEYS */;
UNLOCK TABLES;

--
-- Table structure for table `user_adress`
--

DROP TABLE IF EXISTS `user_adress`;
/*!40101 SET @saved_cs_client     = @@character_set_client */;
/*!40101 SET character_set_client = utf8 */;
CREATE TABLE `user_adress` (
  `Id` int(11) NOT NULL AUTO_INCREMENT,
  `Street` varchar(100) NOT NULL,
  `Country` text NOT NULL,
  PRIMARY KEY (`Id`)
) ENGINE=InnoDB AUTO_INCREMENT=8 DEFAULT CHARSET=utf8mb4;
/*!40101 SET character_set_client = @saved_cs_client */;

--
-- Dumping data for table `user_adress`
--

LOCK TABLES `user_adress` WRITE;
/*!40000 ALTER TABLE `user_adress` DISABLE KEYS */;
INSERT INTO `user_adress` VALUES (1,'Calle Falsa 123','EEUU'),(2,'3587 Lincoln Street','Argentina'),(3,'Calle 123456','Chile'),(4,'Avenida Falsa','Chile'),(5,'Avenida Falsa','Argentina'),(6,'Cerro 123','Paraguay'),(7,'3587 Lincoln Street','United States');
/*!40000 ALTER TABLE `user_adress` ENABLE KEYS */;
UNLOCK TABLES;

--
-- Table structure for table `user_shop`
--

DROP TABLE IF EXISTS `user_shop`;
/*!40101 SET @saved_cs_client     = @@character_set_client */;
/*!40101 SET character_set_client = utf8 */;
CREATE TABLE `user_shop` (
  `id` int(10) unsigned NOT NULL AUTO_INCREMENT,
  `user_id` int(10) unsigned DEFAULT NULL,
  `product_id` int(10) unsigned DEFAULT NULL,
  PRIMARY KEY (`id`),
  KEY `fk_user_id_idx` (`user_id`),
  KEY `fk_product_id_idx` (`product_id`),
  CONSTRAINT `fk_product_id` FOREIGN KEY (`product_id`) REFERENCES `products` (`id`),
  CONSTRAINT `fk_user_id` FOREIGN KEY (`user_id`) REFERENCES `users` (`id`)
) ENGINE=InnoDB DEFAULT CHARSET=utf8mb4;
/*!40101 SET character_set_client = @saved_cs_client */;

--
-- Dumping data for table `user_shop`
--

LOCK TABLES `user_shop` WRITE;
/*!40000 ALTER TABLE `user_shop` DISABLE KEYS */;
/*!40000 ALTER TABLE `user_shop` ENABLE KEYS */;
UNLOCK TABLES;

--
-- Table structure for table `users`
--

DROP TABLE IF EXISTS `users`;
/*!40101 SET @saved_cs_client     = @@character_set_client */;
/*!40101 SET character_set_client = utf8 */;
CREATE TABLE `users` (
  `id` int(10) unsigned NOT NULL AUTO_INCREMENT,
  `name` varchar(150) NOT NULL,
  `email` varchar(150) NOT NULL,
  `password` varchar(150) NOT NULL,
  `repassword` varchar(150) NOT NULL,
  `adress_id` int(11) NOT NULL,
  `photo_user` varchar(150) NOT NULL,
  `admin` smallint(6) NOT NULL DEFAULT 0,
  PRIMARY KEY (`id`),
  UNIQUE KEY `email_UNIQUE` (`email`),
  KEY `users_FK` (`adress_id`),
  CONSTRAINT `users_FK` FOREIGN KEY (`adress_id`) REFERENCES `user_adress` (`Id`)
) ENGINE=InnoDB AUTO_INCREMENT=8 DEFAULT CHARSET=utf8mb4;
/*!40101 SET character_set_client = @saved_cs_client */;

--
-- Dumping data for table `users`
--

LOCK TABLES `users` WRITE;
/*!40000 ALTER TABLE `users` DISABLE KEYS */;
INSERT INTO `users` VALUES (1,'Pedro Picapiedra','pedro@pedro.com','$2a$10$IqxGyohFC2NcUseuqYhmYewNwzMnvrBjuyjSbVOkPvrHKTyOG146e','$2a$10$SIMj.oFq7S4F2CwcmB05z.l1F.FSeAdftb0XLyKmPSVaSxGekS.3e',1,'/images/productsimage/user-1644714974081.jpg',0),(2,'Martin','martin.farres@gmail.com','$2a$10$vM2acVAZBH6hCo3kNhe.0.eiFc8JUEiH3bX0/d4CUvWvtlMtbKKuC','$2a$10$O7DITioqXrE2m5Ma4xe9O.HqD1WWNxBzFUWJ01zcMEsQwgaN3Jxxu',2,'/images/userAvatars/user-default.png',1),(3,'Prueba','prueba@gmail.com','$2a$10$gFe2Uhj71cmRQkfoURbFG.WRdzN8vDFpNaH4V/SXEg2dK4VUy8zNW','$2a$10$0Xhy/X4ouvVi8gLLBC2W7OgNQz4HjOqGpnxNV7uZwk5QrVaTvrl6W',3,'/images/userAvatars/user-default.png',0),(4,'Pepito','pepito@gmail.com','$2a$10$7jGjiorEzIuCij1lq0X4n.lv/9yrjosPUWZHMwK2bBvXrjGzqDY6S','$2a$10$9M/a6o66x/HEcVrl1g.5be5zBDTmFKBLM0SY3Or30vOiqW5RGrC6a',4,'/images/userAvatars/user-default.png',0),(5,'Emilia','emilia@gmail.com','$2a$10$.hcxZnrEuIZMcd9i97ix6.dysW4l8JKMhitOHGqUPjnyiHYN2vP9K','$2a$10$l7i0MvSGrQ0YQiBp6Dv7/eZFD4qU7GbTiPNUto4REfxiGfbyApH4q',5,'/images/userAvatars/user-default.png',0),(6,'Raul','raul@gmail.com','$2a$10$52qgLdO1eysfDdTnn855veTk06Jz0SNOsps5qqUrRVCt7JWTMD/Kq','$2a$10$gbh/oL/U7NJaLzoYHPxGG.nwi/cbvKvGfrZsKz3b89QidDusmQbsK',6,'/images/userAvatars/user-1645214461045.jpg',0),(7,'Prueba','prueb.3@gmail.com','$2a$10$Z.zq7akjytdFBbdmV0K6X.u9SnJoo5xiFVqGhY4iYes9itV7RUBcq','$2a$10$jQy5fY2.9pRwmM2LNR3ULOqhGoHwLmfx0g3Oqi0FAmwSGP2lTZRau',7,'/images/userAvatars/user-1646952904041.png',0);
/*!40000 ALTER TABLE `users` ENABLE KEYS */;
UNLOCK TABLES;

--
-- Dumping routines for database 'mirrorlens2'
--
/*!40103 SET TIME_ZONE=@OLD_TIME_ZONE */;

/*!40101 SET SQL_MODE=@OLD_SQL_MODE */;
/*!40014 SET FOREIGN_KEY_CHECKS=@OLD_FOREIGN_KEY_CHECKS */;
/*!40014 SET UNIQUE_CHECKS=@OLD_UNIQUE_CHECKS */;
/*!40101 SET CHARACTER_SET_CLIENT=@OLD_CHARACTER_SET_CLIENT */;
/*!40101 SET CHARACTER_SET_RESULTS=@OLD_CHARACTER_SET_RESULTS */;
/*!40101 SET COLLATION_CONNECTION=@OLD_COLLATION_CONNECTION */;
/*!40111 SET SQL_NOTES=@OLD_SQL_NOTES */;

-- Dump completed on 2022-03-24 12:32:09
